folder,bpb_sliding,ppl_sliding,params
wikitext-103_2026-04-02_11-53-11,1.5178,114.5989,"11,420,000"
wikitext-103_2026-04-02_22-51-10,1.1423,35.4649,"1,362,310,000"
wikitext-103_2026-04-03_04-51-07,1.1750,39.2765,"366,580,000"
wikitext-103_2026-04-03_07-37-34,1.2938,56.9226,"104,650,000"
wikitext-103_2026-04-03_10-22-17,1.4766,100.7781,"32,659,999"
wikitext-103_2026-04-03_14-34-51,1.1167,32.7365,"366,580,000"
wikitext-103_2026-04-03_22-59-40,1.1233,33.4132,"366,580,000"
wikitext-103_2026-04-04_13-38-15,1.1734,39.0759,"361,230,000"
wikitext-103_2026-04-04_16-31-53,1.1745,39.2098,"366,580,000"
wikitext-103_2026-04-04_19-12-31,1.1810,40.0202,"366,580,000"
wikitext-103_2026-04-04_21-55-38,1.2006,42.5465,"314,150,000"
wikitext-103_2026-04-05_00-26-06,1.1876,40.8524,"361,330,000"
wikitext-103_2026-04-05_03-05-29,1.1856,40.5959,"186,920,000"
wikitext-103_2026-04-05_05-33-33,1.1891,41.0442,"272,020,000"
wikitext-103_2026-04-05_07-23-27,1.1811,40.0340,"340,850,000"
wikitext-103_2026-04-05_16-08-09,1.1173,32.7994,"361,230,000"
wikitext-103_2026-04-05_23-45-27,1.1341,34.5644,"272,020,000"
wikitext-103_2026-04-06_04-59-03,1.1253,33.6307,"186,920,000"
wikitext-103_2026-04-06_15-09-30,1.1674,38.3511,"377,080,000"
wikitext-103_2026-04-06_17-51-28,1.1529,36.6506,"461,040,000"
wikitext-103_2026-04-06_20-38-06,1.1483,36.1352,"566,000,000"
wikitext-103_2026-04-06_23-32-36,1.1406,35.2683,"880,880,000"
wikitext-103_2026-04-07_03-43-32,1.1726,38.9777,"377,480,000"
wikitext-103_2026-04-07_06-37-05,1.1622,37.7333,"540,910,000"
wikitext-103_2026-04-07_09-40-03,1.1722,38.9359,"377,480,000"
wikitext-103_2026-04-07_12-58-11,1.1710,38.7834,"388,370,000"
wikitext-103_2026-04-07_16-36-23,1.1575,37.1831,"715,230,000"
wikitext-103_2026-04-07_20-21-24,1.2000,42.4683,"356,070,000"
wikitext-103_2026-04-07_23-11-07,1.1985,42.2616,"366,970,000"
wikitext-103_2026-04-08_02-19-39,1.1957,41.8936,"377,860,000"
wikitext-103_2026-04-08_09-51-47,1.1661,38.2031,"471,740,000"
wikitext-103_2026-04-08_13-46-39,1.1743,39.1943,"576,910,000"
wikitext-103_2026-04-08_18-26-31,3.5196,59567.3975,"787,240,000"
wikitext-103_2026-04-09_00-16-49,3.5210,59827.0081,"1,055,210,000"
wikitext-103_2026-04-09_03-57-03,1.1408,35.2952,"1,055,210,000"
wikitext-103_2026-04-09_08-29-18,1.1381,34.9989,"1,229,540,000"
wikitext-103_2026-04-09_13-22-27,1.1394,35.1427,"902,670,000"
wikitext-103_2026-04-09_18-06-43,1.1738,39.1276,"366,590,000"
wikitext-103_2026-04-09_21-03-15,1.1732,39.0496,"389,460,000"
wikitext-103_2026-04-10_00-23-31,3.5195,59544.5693,"471,740,000"
wikitext-103_2026-04-10_03-29-19,1.1715,38.8508,"471,740,000"
wikitext-103_2026-04-10_07-14-48,,,"471,740,000"
wikitext-103_2026-04-10_07-59-36,1.2895,56.1631,"787,240,000"
wikitext-103_2026-04-10_16-31-26,1.3245,62.6570,"67,220,000"
wikitext-103_2026-04-10_17-14-18,1.2577,50.8471,"119,180,000"
wikitext-103_2026-04-10_17-54-03,1.4755,100.4182,"114,540,000"
wikitext-103_2026-04-10_18-42-34,,,"114,540,000"
wikitext-103_2026-04-10_19-29-57,1.3043,58.8186,"72,480,000"
wikitext-103_2026-04-10_19-49-29,1.2924,56.6794,"72,480,000"
wikitext-103_2026-04-10_20-10-24,1.2934,56.8566,"114,540,000"
wikitext-103_2026-04-10_20-51-04,1.5200,115.4063,"166,500,000"
wikitext-103_2026-04-10_21-37-45,1.4393,89.6710,"114,540,000"
wikitext-103_2026-04-10_22-16-17,3.5135,58446.8192,"114,280,000"
wikitext-103_2026-04-10_22-48-20,,,"354,920,000"
wikitext-103_2026-04-10_23-37-19,1.2151,44.5174,"186,900,000"
wikitext-103_2026-04-11_00-15-26,1.1657,38.1521,"541,570,000"
wikitext-103_2026-04-11_02-00-34,1.3341,64.5621,"76,680,000"
wikitext-103_2026-04-11_02-19-23,1.2547,50.3775,"411,410,000"
wikitext-103_2026-04-11_03-24-37,3.5143,58584.3162,"768,140,000"
wikitext-103_2026-04-11_05-30-57,1.2024,42.7916,"734,560,000"
wikitext-103_2026-04-11_08-13-12,1.1538,36.7562,"617,050,000"
wikitext-103_2026-04-11_10-04-14,,,"617,050,000"
wikitext-103_2026-04-11_11-34-42,,,"2,056,179,999"
wikitext-103_2026-04-11_13-19-59,,,"617,050,000"
wikitext-103_2026-04-11_14-23-32,1.2533,50.1555,"768,080,000"
wikitext-103_2026-04-11_15-39-24,3.5106,57918.8758,"768,080,000"
wikitext-103_2026-04-11_17-46-16,1.1557,36.9748,"768,080,000"
wikitext-103_2026-04-11_21-09-05,1.1126,32.3236,"1,180,280,000"
wikitext-103_2026-04-12_00-37-11,1.0856,29.7063,"1,180,280,000"
wikitext-103_2026-04-12_17-11-15,1.0455,26.2112,"1,180,280,000"
wikitext-103_2026-04-13_09-51-55,1.0306,25.0184,"1,180,280,000"
wikitext-103_2026-04-14_02-31-17,1.2554,50.4899,"21,370,000"
wikitext-103_2026-04-14_06-41-17,,,"1,180,280,000"
wikitext-103_2026-04-14_09-07-12,1.0234,24.4631,"1,180,280,000"
wikitext-103_2026-04-15_01-46-27,1.1538,36.7562,"617,050,000"
wikitext-103_2026-04-15_03-35-54,1.1424,35.4724,"617,050,000"
wikitext-103_2026-04-15_05-24-40,3.5196,59567.3975,"787,240,000"
wikitext-103_2026-04-15_10-53-44,1.2400,48.1137,"114,490,000"
wikitext-103_2026-04-15_11-34-21,1.1978,42.1782,"209,020,000"
wikitext-103_2026-04-15_13-01-46,1.1813,40.0550,"287,800,000"
wikitext-103_2026-04-15_15-10-58,1.1772,39.5435,"335,070,000"
wikitext-103_2026-04-15_17-46-01,1.1638,37.9213,"524,140,000"
wikitext-103_2026-04-15_22-17-16,1.2354,47.4319,"114,510,000"
wikitext-103_2026-04-15_23-05-09,1.1669,38.2931,"240,550,000"
wikitext-103_2026-04-16_01-02-33,1.1797,39.8623,"429,600,000"
wikitext-103_2026-04-16_04-55-49,1.1994,42.3916,"146,020,000"
wikitext-103_2026-04-16_05-54-07,1.1825,40.2068,"177,530,000"
wikitext-103_2026-04-16_07-14-10,1.1728,39.0115,"209,040,000"
wikitext-103_2026-04-16_08-50-21,1.1673,38.3413,"272,050,000"
wikitext-103_2026-04-16_10-43-48,1.1702,38.6902,"367,400,000"
wikitext-103_2026-04-16_14-02-48,1.1691,38.5559,"369,860,000"
wikitext-103_2026-04-16_17-23-50,,,"555,510,000"
wikitext-103_2026-04-16_18-50-00,1.1680,38.4279,"379,690,000"
wikitext-103_2026-04-17_00-27-55,3.5220,60023.7131,"827,030,000"
wikitext-103_2026-04-17_03-54-03,1.1166,32.7241,"827,030,000"
wikitext-103_2026-04-17_06-20-21,1.1167,32.7367,"994,880,000"
wikitext-103_2026-04-17_08-51-44,1.1159,32.6544,"827,030,000"
wikitext-103_2026-04-17_11-21-47,,,"994,880,000"
wikitext-103_2026-04-17_13-25-19,,,"994,880,000"
wikitext-103_2026-04-17_14-23-49,1.1162,32.6894,"814,400,000"
wikitext-103_2026-04-17_19-47-45,1.1134,32.3960,"510,130,000"
wikitext-103_2026-04-18_01-28-06,3.5154,58797.3545,"818,590,000"
wikitext-103_2026-04-18_04-05-40,,,"818,590,000"
wikitext-103_2026-04-18_05-30-21,,,"818,590,000"
wikitext-103_2026-04-18_06-19-52,1.1126,32.3184,"814,400,000"
wikitext-103_2026-04-18_08-14-44,,,"814,400,000"
wikitext-103_2026-04-18_09-46-25,1.1160,32.6625,"730,470,000"
wikitext-103_2026-04-18_11-37-14,1.1309,34.2214,"730,470,000"
wikitext-103_2026-04-18_13-17-47,1.1266,33.7636,"688,500,000"
wikitext-103_2026-04-18_14-55-19,,,"787,240,000"
wikitext-103_2026-04-18_14-58-10,,,"555,510,000"
wikitext-103_2026-04-18_15-33-36,,,"814,400,000"
wikitext-103_2026-04-18_16-12-23,1.1020,31.2656,"814,400,000"
wikitext-103_2026-04-18_18-23-56,3.5220,60016.0571,"814,400,000"
wikitext-103_2026-04-18_19-57-53,1.1086,31.9193,"814,400,000"
wikitext-103_2026-04-18_22-23-30,3.5220,60024.1315,"814,400,000"
wikitext-103_2026-04-18_23-49-03,3.5220,60019.5301,"814,400,000"
wikitext-103_2026-04-19_01-27-15,1.1204,33.1143,"814,400,000"
wikitext-103_2026-04-19_03-16-59,1.1161,32.6770,"814,400,000"
wikitext-103_2026-04-19_05-08-30,1.1238,33.4696,"814,400,000"
wikitext-103_2026-04-19_07-00-01,1.1073,31.7837,"814,400,000"
wikitext-103_2026-04-19_09-46-39,1.0958,30.6709,"814,400,000"
wikitext-103_2026-04-19_13-16-24,1.0201,24.2054,"882,510,000"
wikitext-103_2026-04-20_09-03-34,1.0267,24.7154,"882,510,000"
wikitext-103_2026-04-21_22-05-15,1.1102,32.0731,"890,904,685"
wikitext-103_2026-04-22_01-36-47,1.0140,23.7490,"882,511,981"
wikitext-103_2026-04-22_18-42-22,1.0226,24.3993,"890,904,685"
wikitext-103_2026-04-23_12-43-30,1.0155,23.8604,"882,511,981"
